Workbook
Name _Toc413248967: 'Tong KP'!$A$2
Name _Toc413248968: 'Tong KP'!$A$1
Name _Toc413248972: 'Kh3'!$A$1

Sheet Tong KP
A1: C. PHỤ LỤC: GIẢI TRÌNH CÁC KHOẢN CHI
A2: C8.Tổng hợp kinh phí đề nghị cấp
A4: TT | B4: Các khoản chi phí | C4: Tổng kinh phí | D4: Từ ĐHQG | E4: Từ nguồn huy động
A5: 1 | B5: Khoản 1: Tiền công lao động trực tiếp và thuê chuyên gia | C5: ='Kh1'!C7 -> 313752000 | D5: ='Kh1'!D7 -> 0 | E5: ='Kh1'!E7 -> 0
A6: 2 | B6: Khoản 2: Vật tư | C6: ='Kh2'!F18 -> 0 | D6: ='Kh2'!G18 -> 0 | E6: ='Kh2'!H18 -> 0
A7: 3 | B7: Khoản 3: Chi khác | C7: ='Kh3'!F12 -> 0 | D7: ='Kh3'!G12 -> 0 | E7: ='Kh3'!H12 -> 0
A8: 4 | B8: Khoản 4: Quản lý chung nhiệm vụ KH&CN | C8: 0 | D8: =5%*(D5+D6+D7) -> 0 | E8: =5%*(E5+E6+E7) -> 0
B9: (Tối đa 5% của tổng 03 khoản trên và không quá 300 triệu đồng)
B10: Tổng cộng: | C10: =SUM(C5:C9) -> 313752000 | D10: =SUM(D5:D9) -> 0 | E10: =SUM(E5:E9) -> 0
B11: (*) Theo quy định tại Thông tư số 03/2023/TT-BTC của Bộ Tài chính ban hành ngày 10/01/2023 và Thông tư số 02/2023/TT-BKHCN-BKHCN của Bộ Khoa học và Công nghệ ban hành ngày 08/5/2023.

Sheet Kh1
A1: Khoản 1: Tiền công lao động trực tiếp và thuê chuyên gia [KHOÁN]
E2: Đơn vị tính:
A3: TT | B3: Nội dung chi | C3: Tổng kinh phí | D3: Từ ĐHQG | E3: Từ nguồn huy động | F3: Ghi chú
A4: 1 | B4: Tổng hợp tiền công lao động trực tiếp | C4: ='B1.1'!G37 -> 313752000 | D4: ='B1.1'!H37 -> 0 | E4: ='B1.1'!I37 -> 0 | F4: Bảng 1.1
A5: =A4+1 -> 2 | B5: Tổng hợp tiền công thuê chuyên gia trong nước | C5: ='B1.2'!D10 -> 0 | D5: ='B1.2'!E10 -> 0 | E5: ='B1.2'!F10 -> 0 | F5: Bảng 1.2
A6: =A5+1 -> 3 | B6: Tổng hợp tiền công thuê chuyên gia ngoài nước | C6: ='B1.3'!D10 -> 0 | D6: ='B1.3'!E10 -> 0 | E6: ='B1.3'!F10 -> 0 | F6: Bảng 1.3
B7: Tổng cộng | C7: =SUM(C4:C6) -> 313752000 | D7: =SUM(D4:D6) -> 0 | E7: =SUM(E4:E6) -> 0

Sheet B1.1
A1: 1. Nhân công lao động khoa học (khoán chi )
B2: Định mức thù lao tháng của chủ nhiệm | D2: DMCN | E2: 30000000 | F2: đồng
B3: Thời gian thực hiện | D3: T= | E3: 24 | F3: Tháng
H4: Đơn vị: đồng
A5: Số TT | B5: Nội dung công việc | C5: Hệ số lao động khoa học | D5: Số người trong nhóm chức danh | E5: Định mức thù lao tháng của chủ nhiệm (DMCN) | F5: Tổng số tháng quy đổi của chức danh hoặc nhóm chức danh | G5: Tổng kinh phí | H5: Từ ĐHQG | I5: Từ nguồn huy động
A6: 1 | B6: 2 | C6: 3 | D6: 4 | E6: 5 | F6: 6 | G6: 7=3x5x6=8+9 | H6: 8 | I6: 9
A7: I | B7: Xây dựng thuyết minh, báo cáo tổng kết | C7: Nội dung công việc này chủ nhiệm và thư ký khoa học của nhiệm vụ thực hiện, đã được tính trong thù lao của chủ nhiệm và thư ký khoa học, không tính thù lao riêng. | G7: =G8+G9 -> 1.872e+08
A8: 1.1 | B8: Thù lao của chủ nhiệm nhiệm vụ: (TLCN = 1,0 x DMCN x 20% x T) | C8: 1 | D8: 1 | E8: =$E$2 -> 30000000 | F8: =20%*$E$3 -> 4.8 | G8: =C8*E8*F8 -> 1.44e+08
A9: 1.2 | B9: Thù lao của thư ký khoa học: (TLTK = 0,3 x DMCN x 20% x T) | C9: 0.3 | D9: 1 | E9: =$E$2 -> 30000000 | F9: =20%*$E$3 -> 4.8 | G9: =C9*E9*F9 -> 43200000
A10: II | B10: Nội dung nghiên cứu | G10: =G11+G23+G35 -> 126552000
A11: 2.1 | B11: Nội dung 1:... | F11: =SUM(F12,F14,F18,F22) -> 12.4 | G11: =SUM(G12,G14,G18,G22) -> 126552000
A12: 2.1.1 | B12: Thù lao thành viên chính (Tối đa 01 người) | C12: 0.8 | D12: =D13 -> 1 | E12: =$E$2 -> 30000000 | F12: =F13 -> 2 | G12: =C12*E12*F12 -> 48000000
B13: Họ và tên | C13: 0.8 | D13: 1 | E13: =$E$2 -> 30000000 | F13: 2 | G13: =C13*E13*F13 -> 48000000
A14: 2.1.2 | B14: Thù lao nhóm thành viên | C14: 0.4 | D14: =SUM(D15:D17) -> 3 | E14: =$E$2 -> 30000000 | F14: =SUM(F15:F17) -> 3 | G14: =C14*E14*F14 -> 36000000
B15: Họ và tên | C15: 0.4 | D15: 1 | E15: =$E$2 -> 30000000 | F15: 1 | G15: =C15*E15*F15 -> 12000000
B16: Họ và tên | C16: 0.4 | D16: 1 | E16: =$E$2 -> 30000000 | F16: 0.5 | G16: =C16*E16*F16 -> 6000000
B17: Họ và tên | C17: 0.4 | D17: 1 | E17: =$E$2 -> 30000000 | F17: 1.5 | G17: =C17*E17*F17 -> 18000000
A18: 2.1.3 | B18: Thù lao nhóm kỹ thuật viên, nhân viên hỗ trợ | C18: 0.2 | D18: =SUM(D19:D21) -> 3 | E18: =$E$2 -> 30000000 | F18: =SUM(F19:F21) -> 6 | G18: =C18*E18*F18 -> 36000000
B19: Họ và tên | C19: 0.2 | D19: 1 | E19: =$E$2 -> 30000000 | F19: 1 | G19: =C19*E19*F19 -> 6000000
B20: Họ và tên | C20: 0.2 | D20: 1 | E20: =$E$2 -> 30000000 | F20: 2 | G20: =C20*E20*F20 -> 12000000
B21: Họ và tên | C21: 0.2 | D21: 1 | E21: =$E$2 -> 30000000 | F21: 3 | G21: =C21*E21*F21 -> 18000000
A22: 2.1.4 | B22: Thù lao lao động phổ thông (số tháng thực hiện quy đổi = số ngày thực hiện/22) | E22: 4680000 | F22: =ROUND(30/22,1) -> 1.4 | G22: =IFERROR(E22*F22,0) -> 6552000
A23: 2.2 | B23: Nội dung 2:... | F23: =SUM(F24,F26,F30,F34) -> 0 | G23: =SUM(G24,G26,G30,G34) -> 0
A24: 2.2.1 | B24: Thù lao thành viên chính (Tối đa 01 người) | C24: 0.8 | D24: =D25 -> 1 | E24: =$E$2 -> 30000000 | F24: =F25 -> 0 | G24: =C24*E24*F24 -> 0
B25: Họ và tên | C25: 0.8 | D25: 1 | E25: =$E$2 -> 30000000 | G25: =C25*E25*F25 -> 0
A26: 2.2.2 | B26: Thù lao nhóm thành viên | C26: 0.4 | D26: =SUM(D27:D29) -> 3 | E26: =$E$2 -> 30000000 | F26: =SUM(F27:F29) -> 0 | G26: =C26*E26*F26 -> 0
B27: Họ tên thành viên | C27: 0.4 | D27: 1 | E27: =$E$2 -> 30000000 | G27: =C27*E27*F27 -> 0
B28: Họ tên thành viên | C28: 0.4 | D28: 1 | E28: =$E$2 -> 30000000 | G28: =C28*E28*F28 -> 0
B29: Họ tên thành viên | C29: 0.4 | D29: 1 | E29: =$E$2 -> 30000000 | G29: =C29*E29*F29 -> 0
A30: 2.2.3 | B30: Thù lao nhóm kỹ thuật viên, nhân viên hỗ trợ | C30: 0.2 | D30: =SUM(D31:D33) -> 3 | E30: =$E$2 -> 30000000 | F30: =SUM(F31:F33) -> 0 | G30: =C30*E30*F30 -> 0
B31: Họ tên thành viên | C31: 0.2 | D31: 1 | E31: =$E$2 -> 30000000 | G31: =C31*E31*F31 -> 0
B32: Họ tên thành viên | C32: 0.2 | D32: 1 | E32: =$E$2 -> 30000000 | G32: =C32*E32*F32 -> 0
B33: Họ tên thành viên | C33: 0.2 | D33: 1 | E33: =$E$2 -> 30000000 | G33: =C33*E33*F33 -> 0
A34: 2.2.4 | B34: Thù lao lao động phổ thông (số tháng thực hiện quy đổi = số ngày thực hiện/22) | E34: 4680000 | G34: =IFERROR(E34*F34,0) -> 0
A35: 2.3 | B35: Nội dung 3:...
B36: …….
B37: TỔNG CỘNG (I+II) | G37: =G7+G10 -> 313752000 | H37: =H7+H10 -> 0 | I37: =I7+I10 -> 0

Sheet B1.2
A1: Bảng 1.2 Tổng hợp tiền công thuê chuyên gia trong nước (*) (không quá 30% công lao động trực tiếp bảng 1.1)
E2: Đơn vị tính: đồng
A3: TT | B3: Họ và tên | C3: Nội dung công việc | D3: Tổng kinh phí | E3: Từ ĐHQG | F3: Từ nguồn huy động
A4: 1
A5: 2
B10: Tổng cộng | D10: =SUM(D4:D9) -> 0 | E10: =SUM(E4:E9) -> 0 | F10: =SUM(F4:F9) -> 0
A12: (*): Căn cứ lập dự toán chi thuê chuyên gia trong nước thực hiện theo mức lương quy định tại Thông tư số 02/2015/TT-BLĐTBXH ngày 12 tháng 01 năm 2015 của Bộ Lao động - Thương binh và Xã hội
A13: - Chuyên gia trong nước, chuyên gia ngoài nước phối hợp nghiên cứu, thực hiện nhiệm vụ khoa học và công nghệ là người có trình độ từ đại học trở lên, có tối thiểu 5 năm kinh nghiệm nghiên cứu hoặc làm việc trong lĩnh vực chuyên môn phù hợp với công việc cần thực hiện trong nhiệm vụ
A14: - Căn cứ Điều 7 Thuê chuyên gia trong nước, chuyên gia ngoài nước phối hợp nghiên cứu, thực hiện nhiệm vụ theo Thông tư 02/2023/TT-BKHCN

Sheet B1.3
A1: Bảng 1.3 Tổng hợp tiền công thuê chuyên gia ngoài nước (không quá 50% công lao động trực tiếp bảng 1.1)
E2: Đơn vị tính: đồng
A3: TT | B3: Họ và tên | C3: Nội dung công việc | D3: Tổng kinh phí | E3: Từ ĐHQG | F3: Từ nguồn huy động
A4: 1
A5: 2
B10: Tổng cộng | D10: =SUM(D4:D9) -> 0 | E10: =SUM(E4:E9) -> 0 | F10: =SUM(F4:F9) -> 0
A12: - Chuyên gia trong nước, chuyên gia ngoài nước phối hợp nghiên cứu, thực hiện nhiệm vụ khoa học và công nghệ là người có trình độ từ đại học trở lên, có tối thiểu 5 năm kinh nghiệm nghiên cứu hoặc làm việc trong lĩnh vực chuyên môn phù hợp với công việc cần thực hiện trong nhiệm vụ
A13: - Căn cứ Điều 7 Thuê chuyên gia trong nước, chuyên gia ngoài nước phối hợp nghiên cứu, thực hiện nhiệm vụ theo Thông tư 02/2023/TT-BKHCN

Sheet Kh2
A1: Khoản 2: Vật tư [KHÔNG KHOÁN]
G2: Đơn vị tính: đồng
A3: TT | B3: Nội dung chi | C3: Đơn vị | D3: Số lượng | E3: Đơn giá | F3: Tổng kinh phí | G3: Từ ĐHQG | H3: Từ nguồn huy động
A4: I | B4: Tên vật tư, nguyên vật liệu và quy cách kỹ thuật | F4: =SUM(F5:F9) -> 0 | G4: =SUM(G5:G9) -> 0 | H4: =SUM(H5:H9) -> 0
A5: 1 | F5: =D5*E5 -> 0
A6: 2 | F6: =D6*E6 -> 0
F7: =D7*E7 -> 0
F8: =D8*E8 -> 0
A10: II | B10: Năng lượng, nhiên liệu | F10: =SUM(F11:F15) -> 0 | G10: =SUM(G11:G15) -> 0 | H10: =SUM(H11:H15) -> 0
A11: 1 | B11: Than | F11: =D11*E11 -> 0
A12: 2 | B12: Điện | F12: =D12*E12 -> 0
A13: 3 | B13: Xăng, dầu | F13: =D13*E13 -> 0
A14: 4 | B14: Nhiên liệu khác | F14: =D14*E14 -> 0
A15: 5 | B15: Nước | F15: =D15*E15 -> 0
A16: III | B16: Tham dự Hội thảo khoa học ngoài nước | F16: =F39 -> 0 | G16: =G39 -> 0 | H16: =H39 -> 0
B18: Tổng cộng | F18: =F4+F10+F16 -> 0 | G18: =SUM(G4,G10,G16) -> 0 | H18: =SUM(H4,H10,H16) -> 0
A21: Chi tiết III tham dự Hội thảo khoa học nước ngoài (Đi lại, công tác phí)
A22: Stt | B22: Khoản chi phí | C22: Diễn giải | F22: Thành tiền (đồng) | G22: Từ ĐHQG | H22: Từ nguồn huy động
C23: Số người | D23: Lần (1) | E23: Chi phí/lần (đồng) (2)
A24: A | B24: Lần 1 (Đi <công tác/hội nghị> tại <tên địa điểm>) | F24: =SUM(F25:F28) -> 0
A25: 1 | B25: Tàu xe, đi lại | F25: =C25*D25*E25 -> 0
A26: 2 | B26: Thuê chỗ ở | F26: =C26*D26*E26 -> 0
A27: 3 | B27: Phụ cấp lưu trú | F27: =C27*D27*E27 -> 0
A28: 4 | B28: Chi phí khác | F28: =C28*D28*E28 -> 0
A29: B | B29: Lần 2 (Đi <công tác/hội nghị> tại <tên địa điểm>) | F29: =SUM(F30:F33) -> 0
A30: 1 | B30: Tàu xe, đi lại | F30: =C30*D30*E30 -> 0
A31: 2 | B31: Thuê chỗ ở | F31: =C31*D31*E31 -> 0
A32: 3 | B32: Phụ cấp lưu trú | F32: =C32*D32*E32 -> 0
A33: 4 | B33: Chi phí khác | F33: =C33*D33*E33 -> 0
A34: C | B34: Lần …. (Đi <công tác/hội nghị> tại <tên địa điểm>) | F34: =SUM(F35:F38) -> 0
A35: 1 | B35: Tàu xe, đi lại | F35: =C35*D35*E35 -> 0
A36: 2 | B36: Thuê chỗ ở | F36: =C36*D36*E36 -> 0
A37: 3 | B37: Phụ cấp lưu trú | F37: =C37*D37*E37 -> 0
A38: 4 | B38: Chi phí khác | F38: =C38*D38*E38 -> 0
A39: Cộng: | F39: =F24+F29+F34 -> 0
A41: (1): Số lần có thể là số đêm, số ngày đi công tác
A42: (2): Chi phí/lần: chi phí cho 1 vé tàu xe, đi lại, 1 đêm thuê chỗ ở hoặc 1 ngày lưu trú
A43: (*): Có thể thêm số lần đi công tác/tham gia hội nghị hội thảo tùy thuộc vào thực tế đề tài

Sheet Kh3
A1: Khoản 3. Chi khác [KHOÁN]
G2: Đơn vị tính: đồng
A3: TT | B3: Nội dung chi | C3: Đơn vị | D3: Số lượng | E3: Đơn giá | F3: Tổng kinh phí | G3: Từ ĐHQG | H3: Từ nguồn huy động
A4: 1 | B4: Dụng cụ, vật rẻ tiền mau hỏng | F4: =D4*E4 -> 0
A5: 2 | B5: Sách, tài liệu, số liệu | F5: =D5*E5 -> 0
A6: 3 | B6: Chi văn phòng phẩm, thông tin liên lạc, in ấn | F6: =D6*E6 -> 0
A7: 4 | B7: Điều tra, khảo sát thu thập số liệu | F7: =D7*E7 -> 0
A8: 5 | B8: Thuê dịch vụ ngoài (phân tích, đo đạc, …) | F8: =D8*E8 -> 0
A9: 6 | B9: Hội đồng tư vấn tự đánh giá kết quả thực hiện nhiệm vụ KH&CN (nếu có)
A10: 7 | B10: Tổ chức hội nghị, hội thảo khoa học, diễn đàn, tọa đàm khoa học
A11: 8 | B11: Tham dự Hội thảo khoa học trong nước | F11: =F33 -> 0 | G11: =G33 -> 0 | H11: =H33 -> 0
B12: Tổng cộng | F12: =SUM(F4:F11) -> 0 | G12: =SUM(G4:G11) -> 0 | H12: =SUM(H4:H11) -> 0
A15: Chi tiết Mục 8 tham dự Hội thảo khoa học trong nước (Đi lại, công tác phí)
A16: Stt | B16: Khoản chi phí | C16: Diễn giải | F16: Thành tiền (đồng) | G16: Từ ĐHQG | H16: Từ nguồn huy động
C17: Số người | D17: Lần (1) | E17: Chi phí/lần (đồng) (2)
A18: A | B18: Lần 1 (Đi <công tác/hội nghị> tại <tên địa điểm>) | F18: =SUM(F19:F22) -> 0
A19: 1 | B19: Tàu xe, đi lại | F19: =C19*D19*E19 -> 0
A20: 2 | B20: Thuê chỗ ở | F20: =C20*D20*E20 -> 0
A21: 3 | B21: Phụ cấp lưu trú | F21: =C21*D21*E21 -> 0
A22: 4 | B22: Chi phí khác | F22: =C22*D22*E22 -> 0
A23: B | B23: Lần 2 (Đi <công tác/hội nghị> tại <tên địa điểm>) | F23: =SUM(F24:F27) -> 0
A24: 1 | B24: Tàu xe, đi lại | F24: =C24*D24*E24 -> 0
A25: 2 | B25: Thuê chỗ ở | F25: =C25*D25*E25 -> 0
A26: 3 | B26: Phụ cấp lưu trú | F26: =C26*D26*E26 -> 0
A27: 4 | B27: Chi phí khác | F27: =C27*D27*E27 -> 0
A28: C | B28: Lần …. (Đi <công tác/hội nghị> tại <tên địa điểm>) | F28: =SUM(F29:F32) -> 0
A29: 1 | B29: Tàu xe, đi lại | F29: =C29*D29*E29 -> 0
A30: 2 | B30: Thuê chỗ ở | F30: =C30*D30*E30 -> 0
A31: 3 | B31: Phụ cấp lưu trú | F31: =C31*D31*E31 -> 0
A32: 4 | B32: Chi phí khác | F32: =C32*D32*E32 -> 0
A33: Cộng: | F33: =F18+F23+F28 -> 0
A35: (1): Số lần có thể là số đêm, số ngày đi công tác
A36: (2): Chi phí/lần: chi phí cho 1 vé tàu xe, đi lại, 1 đêm thuê chỗ ở hoặc 1 ngày lưu trú
A37: (*): Có thể thêm số lần đi công tác/tham gia hội nghị hội thảo tùy thuộc vào thực tế đề tài
